,names,scores,logfoldchanges,pvals,pvals_adj,pct_nz_group,pct_nz_reference
0,HLA-DRB1,79.941696,2.9467676,0.0,0.0,0.8243334080215102,0.2403737487891508
4,HLA-DRB5,36.641098,2.6837487,6.342285728453785e-294,3.1711428642268926e-291,0.41071028456195385,0.09587907652567
1,HLA-DRA,48.078033,2.4369035,0.0,0.0,0.5621779072372843,0.18925573135292217
64,HLA-DQA1,11.722836,1.5480144,9.735792460778931e-32,4.295202556225999e-30,0.1696168496527,0.06484097513722958
231,MSC,3.7761164,1.34582,0.00015929253592932306,0.0019828946381243535,0.056688326237956534,0.02262269938650307
186,CHI3L2,4.8478417,1.3282022,1.2481183633787273e-06,1.920182097505734e-05,0.07775039211292853,0.03428721343235389
133,HLA-DQA2,6.7452083,1.3267376,1.5280750857905394e-11,3.29800378228174e-10,0.106430652027784,0.04599208911850178
45,HLA-DQB1,14.522928,1.2885706,8.672535700910307e-48,5.420334813068942e-46,0.23952498319516022,0.11111559573781078
10,HLA-DPA1,31.685305,1.2274619,2.4763905713085457e-220,6.190976428271365e-218,0.580103069684069,0.33243865030674846
73,HLA-DMA,10.220148,1.218154,1.6109504402849143e-24,6.276430286824341e-23,0.17140936589737846,0.08017839845011301
217,PDLIM1,4.063361,1.1890941,4.837114195771826e-05,0.0006392661932738097,0.06789155276719695,0.03136099451081692
227,HLA-DMB,3.832157,1.1864566,0.00012702464839993853,0.0016079069417713737,0.06273806856374636,0.028192605747497577
175,FABP5,5.3696623,1.1549591,7.88841413569033e-08,1.30028804434456e-06,0.09253865113152587,0.04437762350661931
79,CD160,9.862434,1.0985606,6.05630747833689e-23,2.189026799398876e-21,0.18328478601837328,0.09628269292864063
6,HLA-DPB1,32.755558,1.0927823,2.5304336475143585e-235,9.489126178178845e-233,0.6627828814698633,0.4302954472069745
7,GZMH,32.744335,1.0827776,3.6556241436383026e-235,1.2185413812127676e-232,0.7438942415415639,0.5269615757184372
3,CD74,37.3319,1.0742261,4.98591501478787e-305,2.9915490088727223e-302,0.8113376652475913,0.6243743945753956
54,FCGR3A,13.331719,1.0087357,1.5136772718482567e-40,7.829365199215121e-39,0.2708940174770334,0.15531159186309332
2,NKG7,42.15132,0.9831204,0.0,0.0,0.9816267084920457,0.9050694220213109
134,IFNG,6.6787076,0.9830065,2.4105838834741573e-11,5.165536893158909e-10,0.12838897602509522,0.06851388440426219
228,PTTG1,3.8232312,0.9623565,0.00013171414927136676,0.0016602623857735305,0.07416535962357158,0.03981675815305134
94,CEP78,8.68246,0.9248227,3.873015091659293e-18,1.1856168647936613e-16,0.17656285010082903,0.09906764610913787
201,KLRC2,4.432342,0.9186697,9.321492532550661e-06,0.00013253306918318476,0.09186645753977145,0.05220778172424927
27,GZMB,20.076534,0.8978443,1.1837073156862026e-89,1.2245248093305544e-87,0.4996639032041228,0.34440587665482725
163,LAIR2,5.802721,0.8893348,6.524733757081864e-09,1.1514236041909171e-07,0.11920233027111808,0.06712140781401356
221,CX3CR1,3.9117022,0.8857914,9.164786336972074e-05,0.0011902319918145551,0.07931884382702219,0.04409509202453988
126,TTC38,6.9014835,0.83709025,5.1462214579638375e-12,1.1695957859008723e-10,0.1492269773694824,0.08732240878269293
74,HN1,10.148236,0.82991165,3.374073759200414e-24,1.297720676615544e-22,0.2258570468294869,0.13587746206005813
102,TIGIT,8.157396,0.81169987,3.4232482927466905e-16,9.59789240957016e-15,0.18843827022182388,0.11624152405553762
160,PRSS23,6.014027,0.8071325,1.809699895068616e-09,3.250957895332843e-08,0.13690342818731796,0.08332660639328382
31,LGALS1,19.655142,0.8056779,5.2243370754603234e-86,4.749397341327567e-84,0.5581447456867578,0.42123425896028416
127,MIR4435-1HG,6.827142,0.7961268,8.662317887009504e-12,1.9539062903028955e-10,0.1563970423481963,0.09549564094284792
137,RGS1,6.652269,0.7933461,2.8860898962569812e-11,6.054734048091569e-10,0.159085816715214,0.10027849531804972
59,IDH2,12.19628,0.7893999,3.25351465494562e-34,1.5492926928312476e-32,0.2973336320860408,0.1931304488214401
11,GZMA,31.439337,0.78339654,5.871696999377562e-217,1.3550069998563606e-214,0.8617521846291732,0.7259444623829513
39,PRF1,17.39212,0.77423507,9.46653907757887e-68,6.926735910423563e-66,0.46784673986108,0.32856393283823054
67,FCRL6,11.338706,0.7675966,8.438307918738111e-30,3.5654822191851175e-28,0.2733587273134663,0.17341378753632547
161,AOAH,5.982373,0.7670723,2.1990985231843567e-09,3.926961648543494e-08,0.13623123459556352,0.08237810784630287
49,APOBEC3G,14.132766,0.7665922,2.3858541025239468e-45,1.3764542899176616e-43,0.36612144297557697,0.24891023571197934
244,CD244,3.4814882,0.7558112,0.0004986356942696431,0.005866302285525212,0.08088729554111584,0.04962463674523732
29,CCL4,19.83749,0.738235,1.413387025346441e-87,1.3677938954965557e-85,0.5839121667040108,0.4329189538262835
38,FGFBP2,17.50694,0.7348342,1.2682864440912362e-68,9.51214833068427e-67,0.5133318395697961,0.3749192767194059
249,SMC4,3.402648,0.72790164,0.0006673618678483572,0.007700329244404122,0.08200761819403989,0.051501453019050694
142,ABI3,6.511358,0.7211588,7.447444066344466e-11,1.499950773335117e-09,0.16020613936813802,0.10211494995156603
28,CMC1,19.92463,0.7130159,2.4888169957228985e-88,2.4888169957228986e-86,0.6298453954738965,0.489505973522764
117,CLIC3,7.4274554,0.7100457,1.1070650181513731e-13,2.7222910282410817e-12,0.19516020613936813,0.1303680981595092
20,CLIC1,23.094893,0.7037939,5.210925296361692e-118,7.105807222311398e-116,0.6748823661214429,0.5240757184371972
184,CCL3,4.961579,0.70327675,6.992255862821951e-07,1.0868791496614431e-05,0.13757562177907237,0.09408298353245076
152,GPR56,6.254286,0.6975786,3.9933905858846663e-10,7.534699218650313e-09,0.15796549406228994,0.10213513077171456
136,FGR,6.653639,0.69459563,2.8593371243489747e-11,6.04085307961051e-10,0.1678243334080215,0.10831046173716499
71,ZEB2,10.783391,0.6914603,4.1239772905560496e-27,1.6495909162224198e-25,0.28411382478153707,0.18974007103648693
218,MT1E,3.9575396,0.6898673,7.572572869937813e-05,0.0009963911670970806,0.10262155500784226,0.06730303519535034
35,CD8A,17.988625,0.68846154,2.392210004766467e-72,1.9396297335944327e-70,0.5341698409141833,0.3977034226670972
154,XCL2,6.1679215,0.6882642,6.919343498462015e-10,1.2893186643096922e-08,0.16043020389872284,0.10580804003874718
22,ITGB2,22.560556,0.6816684,1.057828206429972e-112,1.3222852580374649e-110,0.6874299798341923,0.5446197933484017
157,TMEM2,6.082555,0.6760637,1.18282576614352e-09,2.1637056697747313e-08,0.159085816715214,0.10500080723280594
200,ADA,4.5024366,0.6711625,6.717881573589183e-06,9.596973676555975e-05,0.11539323325117634,0.07501210849208911
14,CST7,27.919823,0.6706172,1.5332538623114053e-171,2.874850991833885e-169,0.8704907013219807,0.7368219244430093
98,PYCARD,8.437837,0.6569437,3.232654081836553e-17,9.415497325737533e-16,0.229218014788259,0.15474652889893445
46,FLNA,14.489387,0.6476374,1.4140039852579244e-47,8.65716725668117e-46,0.42482634998879676,0.30277284468840815
5,CCL5,35.908554,0.6474488,2.2464078203558896e-282,9.627462087239525e-280,0.9955187093883038,0.9678923151436875
32,C12orf75,18.95834,0.6450303,3.7685863910868925e-80,3.3252232862531403e-78,0.5749495854806184,0.43098159509202455
135,S1PR5,6.67409,0.64292043,2.487713529095792e-11,5.293007508714451e-10,0.17925162446784673,0.1196924443009364
89,TPST2,8.889809,0.6406323,6.121442011453142e-19,1.9746587133719813e-17,0.24378220927627156,0.16540200193735874
63,PLEK,11.834024,0.63995594,2.6035154649245254e-32,1.1657531932497876e-30,0.3376652475913063,0.23427914110429449
110,C1orf21,7.771281,0.6379621,7.76964100810504e-15,2.0268628716795759e-13,0.21151691687205915,0.1421536971262512
57,COTL1,12.288923,0.6254955,1.038803201133415e-34,5.1088682022954844e-33,0.4116065426842931,0.31802954472069744
66,CTSC,11.479649,0.6229485,1.6695736246119016e-30,7.155315534051007e-29,0.33968182836656957,0.24192767194058767
12,ACTB,30.112818,0.61053336,3.292599344443601e-199,7.055570023807715e-197,0.9950705803271342,0.9786486922828543
216,SLAMF7,4.091108,0.60887367,4.2931743696721915e-05,0.0005698904030538307,0.1115841362312346,0.07479011947045527
202,ASCL2,4.4248624,0.6031181,9.650384789392741e-06,0.00013656204890650104,0.12480394353573829,0.0851428802066516
65,LINC00152,11.565612,0.602185,6.155115760052762e-31,2.676137286979462e-29,0.35447008738516694,0.25623587342589604
9,PFN1,31.774942,0.60208255,1.4367533016599177e-221,3.9184180954361397e-219,0.9758010306968407,0.9455521472392638
26,SUB1,20.208452,0.59860754,8.249456306190376e-91,8.838703185203973e-89,0.6804839793860632,0.5573135292218275
68,DOK2,11.069148,0.59571487,1.7707622901592783e-28,7.378176208996993e-27,0.3369930539995519,0.2416855020988053
85,DYNLL1,9.062777,0.58829415,1.271710508436931e-19,4.286664635180666e-18,0.28590634102621554,0.20820552147239263
138,ANXA5,6.6169343,0.5837141,3.667245963113227e-11,7.64009575648589e-10,0.19986556128164912,0.14140700678075557
199,TPM4,4.5161505,0.58353066,6.2973878784691516e-06,9.039312744214093e-05,0.13287026663679138,0.09250887956086536
252,HIST1H1C,3.3363805,0.5809782,0.0008487694980067773,0.009681781346084911,0.10239749047725745,0.07285276073619631
51,CD63,13.635882,0.57788754,2.4501049929717594e-42,1.3611694405398664e-40,0.4488012547613713,0.3375645786244753
251,CD81,3.3480413,0.577825,0.0008138488369518901,0.009318879812426222,0.09657181268205244,0.0665563448498547
173,LYST,5.4589515,0.5664384,4.7895501484474454e-08,7.982583580745742e-07,0.16334304279632533,0.11470778172424928
30,ACTG1,19.743784,0.5649651,9.07223581122801e-87,8.50522107302626e-85,0.802375084024199,0.7190224410720052
119,CDK2AP2,7.3185573,0.5610329,2.5065094124217467e-13,6.064135675213903e-12,0.2285458211965046,0.1639489828866645
25,CTSW,20.802488,0.5607041,4.109263680782516e-96,4.5658485342027954e-94,0.7645081783553663,0.6604577010009687
16,MYL6,26.77329,0.5602563,6.614961969018521e-158,1.1024936615030867e-155,0.9153036074389425,0.8323579270261543
15,SH3BGRL3,27.905838,0.55719805,2.2665170483358643e-171,3.999735967651525e-169,0.9596683844947345,0.9007305456893768
92,CTSD,8.703822,0.5546336,3.2088933466125764e-18,1.0027791708164301e-16,0.28388976025095225,0.21016306102680013
176,PLA2G16,5.289345,0.5515095,1.227551935782102e-07,2.01238022259361e-06,0.1651355590410038,0.11832014853083629
21,GAPDH,23.042982,0.5485262,1.7296420740578584e-117,2.2560548792059024e-115,0.87138695944432,0.78832337746206
70,ANXA2,10.799547,0.54574597,3.459061805729974e-27,1.402322353674314e-25,0.3607438942415416,0.2704028091701647
69,SAMD3,10.859656,0.5423155,1.7942350865197692e-27,7.373568848711381e-26,0.3643289267308985,0.2720576364223442
188,TBX21,4.769594,0.5376614,1.8459757598025443e-06,2.8111305986840777e-05,0.1492269773694824,0.106675815305134
166,ATP1B3,5.7653317,0.53708386,8.149739723173251e-09,1.4132496629780205e-07,0.18462917320188213,0.13381901840490798
58,UCP2,12.212151,0.5366214,2.6771846391116627e-34,1.2954119221508044e-32,0.44723280304727764,0.3516306102680013
24,SRGN,20.957338,0.535975,1.6083583484859748e-97,1.855798094406894e-95,0.7732466950481739,0.6566637068130449
213,ZYX,4.130547,0.53352356,3.619007506789953e-05,0.00048686199642914167,0.13511091194263947,0.0986236680658702
120,VASP,7.2811737,0.53219295,3.3092849065534994e-13,7.942283775728398e-12,0.24602285458211964,0.18372618663222473
97,ISG15,8.449808,0.52896297,2.917819543407143e-17,8.581822186491597e-16,0.2870266636791396,0.2138157894736842
149,SPON2,6.378167,0.52476585,1.79219927525815e-10,3.468772790822226e-09,0.21151691687205915,0.15525104940264772
55,CALR,12.785771,0.52241236,1.968994339491165e-37,1.0011835624531348e-35,0.4707595787586825,0.3703584113658379
224,ATP6V0D1,3.8583102,0.52231306,0.00011417366464465257,0.0014637649313416995,0.1196504593322877,0.08494107200516629
139,SDF2L1,6.5936794,0.5173443,4.290574080827078e-11,8.877049822400851e-10,0.2204794980954515,0.16251614465611883
37,GZMM,17.630703,0.51510376,1.4317535903738328e-69,1.101348915672179e-67,0.6697288819179924,0.5574144333225702
47,CD8B,14.374931,0.512933,7.434362234908433e-47,4.46061734094506e-45,0.5500784225857047,0.43027526638682595
146,APOBEC3C,6.4342866,0.5104259,1.2405445159587537e-10,2.4484431236028035e-09,0.2231682724624692,0.16717791411042945
13,HLA-A,28.467686,0.50797284,2.9440461386166834e-178,5.8880922772333665e-176,0.9881245798790051,0.971867936712948
62,KLRD1,11.95896,0.50788444,5.828765512256667e-33,2.6494388692075763e-31,0.4391664799462245,0.341963997416855
88,EFHD2,8.897186,0.50617164,5.728044244648872e-19,1.867840514559415e-17,0.3264620210620659,0.25211898611559574
115,SH2D1A,7.491971,0.50485754,6.784699794312826e-14,1.6961749485782064e-12,0.26753304951826123,0.20322085889570551
61,LCP1,12.037107,0.50484586,2.267690072404137e-33,1.0466261872634479e-31,0.44924938382254087,0.3538505004843397
99,CARD16,8.274046,0.5021415,1.2948839891031328e-16,3.735242276259037e-15,0.29016356710732694,0.21811430416532127
230,PTMS,3.791599,0.5016061,0.00014968043055896575,0.0018710053819870718,0.1250280080663231,0.09111640297061672
50,MT2A,13.87434,0.5006985,9.062346227613103e-44,5.12962994015836e-42,0.5527671969527224,0.45110187278010977
84,APMAP,9.081381,0.49918008,1.0720586347560607e-19,3.654745345759298e-18,0.32332511763387856,0.2459436551501453
34,ARPC3,18.054598,0.49830234,7.258803431417491e-73,6.049002859514576e-71,0.7221599820748376,0.6129722311914756
109,CHST12,7.861373,0.49555275,3.799454330092968e-15,9.998564026560442e-14,0.2738068563746359,0.20517839845011301
77,TXN,10.056386,0.4924522,8.610106409796654e-24,3.1889282999246864e-22,0.3701546045261035,0.28729415563448496
42,ARPC1B,16.163147,0.49155337,9.175457924430618e-59,6.255994039384512e-57,0.6547165583688103,0.5551945431062318
140,SERPINB1,6.588995,0.48966122,4.428140188097109e-11,9.098918194720087e-10,0.22675330495182613,0.1682676783984501
87,HSPA5,8.923336,0.48919663,4.52448280989605e-19,1.4915877395261702e-17,0.3269101501232355,0.2512310300290604
240,ZBP1,3.6209323,0.4872341,0.0002935433738260077,0.0035084865397530802,0.12054671745462693,0.08810946076848564
111,AP2S1,7.6444683,0.48509988,2.0981024086108874e-14,5.42612691882126e-13,0.26999775935469417,0.20311995479496286
179,KLRF1,5.257109,0.48417005,1.463372769904819e-07,2.3602786611368052e-06,0.19269549630293525,0.1472594446238295
19,CYBA,23.8266,0.48057055,1.7707013287505483e-125,2.5295733267864975e-123,0.9175442527447905,0.8600460122699386
239,TGFBR3,3.6851237,0.4795217,0.00022859155644206093,0.002754115137856156,0.12547613712749273,0.09250887956086536
53,GSTP1,13.349754,0.47908786,1.1883982415254448e-40,6.254727586976025e-39,0.515796549406229,0.41122457216661285
122,RHOC,7.0478163,0.47897118,1.8174743587365512e-12,4.259705528288792e-11,0.25700201658077526,0.19597594446238295
182,IQGAP2,5.066223,0.4773507,4.0578592880649716e-07,6.407146244313112e-06,0.17521846291732018,0.13002502421698417
125,ITM2A,6.940193,0.47662282,3.915637159058567e-12,8.967107997844046e-11,0.2614833071924714,0.20213109460768486
165,PATL2,5.774788,0.47449517,7.704997774941512e-09,1.3438949607456127e-07,0.2027784001792516,0.15125524701323861
108,RHOG,7.915575,0.47211513,2.4611323387502268e-15,6.533979660398832e-14,0.2953170513107775,0.22757910881498225
52,MYO1F,13.515002,0.46899673,1.275521178180301e-41,6.957388244619823e-40,0.539099260587049,0.4415361640297062
17,HLA-C,25.902058,0.4688427,6.313613142094309e-148,9.968862855938382e-146,0.9874523862872507,0.9734218598643849
132,PDIA6,6.7688184,0.46748614,1.2983835842731431e-11,2.8225730092894413e-10,0.2527447904996639,0.19448256377139167
103,PYHIN1,8.096995,0.46685278,5.633314042786899e-16,1.5648094563296944e-14,0.31525879453282546,0.24713432353890863
95,CTSS,8.559308,0.4642211,1.1354720418365144e-17,3.406416125509543e-16,0.3168272462469191,0.2421496609622215
43,IFITM2,15.812542,0.46217194,2.5496774156404536e-56,1.6997849437603025e-54,0.7060273358727314,0.6248587342589603
195,STXBP2,4.57739,0.45787105,4.708122809882938e-06,6.923710014533731e-05,0.15930988124579878,0.11811834032935098
91,SLC25A5,8.771011,0.4563892,1.770690202647758e-18,5.591653271519236e-17,0.34976473224288596,0.2779302550855667
250,PTPRE,3.382284,0.45211744,0.0007188581133906842,0.008262736935525107,0.12211516916872059,0.09188327413626089
72,HOPX,10.624401,0.44798768,2.2947942483005574e-26,9.058398348554831e-25,0.45104190006721934,0.36938973199870845
180,PTPN6,5.251775,0.447761,1.506405759360246e-07,2.416693731593978e-06,0.1994174322204795,0.15309170164675492
219,SIT1,3.9542828,0.4448112,7.676458853894708e-05,0.0010056496315145906,0.15057136455299125,0.11565628027123022
156,SPN,6.095307,0.44479033,1.0922760373843033e-09,2.0103239951858345e-08,0.22989020838001345,0.17619874071682273
151,CD97,6.3363204,0.4434802,2.3531742533861225e-10,4.496511312202782e-09,0.24960788707147658,0.1949467226348079
93,ITGB1,8.6866255,0.44105396,3.733649811394226e-18,1.1547370550703794e-16,0.3533497647322429,0.27980707135938004
131,GNAI2,6.770678,0.43831787,1.2818014099446517e-11,2.8068644013386533e-10,0.25946672641720814,0.19974975783015822
223,PMAIP1,3.902367,0.43695447,9.525654804133054e-05,0.0012264791593304362,0.16535962357158862,0.13137713916693575
204,CD84,4.2370014,0.4363273,2.265246442806595e-05,0.00031755791254298063,0.15751736500112032,0.11965208266063933
18,HLA-B,24.601423,0.43009916,1.2196672288193154e-133,1.829500843228973e-131,0.9939502576742102,0.986236680658702
104,PSAP,8.076532,0.42961794,6.663459710734602e-16,1.8339797368994317e-14,0.3208604077974457,0.2507063287051986
235,TUBB4B,3.7349262,0.42941955,0.0001877703127739423,0.002299228319680926,0.14026439614609007,0.1069381659670649
155,TUBB,6.1378436,0.42744374,8.364924312703818e-10,1.5490600579081143e-08,0.24535066099036523,0.19195996125282533
205,TNFRSF1B,4.2206326,0.42561564,2.4361794245576967e-05,0.00033993201272898094,0.15886175218462917,0.12104455925088796
189,TALDO1,4.7635756,0.42308673,1.901925205715456e-06,2.88170485714463e-05,0.18911046381357832,0.1471787213432354
236,AGTRAP,3.724126,0.42289716,0.00019599292608614858,0.0023901576351969336,0.1407125252072597,0.10738214401033258
56,CD2,12.685405,0.42281264,7.124470409637948e-37,3.562235204818974e-35,0.5821196504593323,0.4971141427187601
153,TLN1,6.176562,0.4183312,6.551262308708386e-10,1.2283616828828223e-08,0.2527447904996639,0.1990837907652567
169,PRKCB,5.732339,0.41665262,9.90550907021336e-09,1.6884390460590956e-07,0.23526775711404885,0.1856635453664837
80,PRELID1,9.588024,0.41565576,8.97878882137043e-22,3.184472040901462e-20,0.425722608111136,0.35106554730384243
225,MIAT,3.8559544,0.41510868,0.00011527897842775713,0.0014716465331203036,0.1492269773694824,0.11472796254439781
214,LAG3,4.1222577,0.4115122,3.751767743601774e-05,0.0005024688942323804,0.16984091418328479,0.1336979334840168
191,H2AFY,4.740902,0.41129544,2.127688488786488e-06,3.191532733179732e-05,0.18843827022182388,0.1463311268969971
78,KLRG1,9.903311,0.40954483,4.027179318198573e-23,1.4733582871458193e-21,0.4496975128837105,0.3722554084597998
33,H3F3A,18.232925,0.40945727,2.8278426176450733e-74,2.4238651008386344e-72,0.8565987004257226,0.7811390054891831
48,CALM2,14.154085,0.40711495,1.7621529720955197e-45,1.0365605718208938e-43,0.6477705579206812,0.5522077817242492
123,MIR142,6.9731946,0.40660828,3.0982354491290096e-12,7.205198718904674e-11,0.29374859959668387,0.23270503713270907
23,IL32,21.586975,0.40602347,2.3809655506293493e-103,2.8571586607552192e-101,0.9475688998431548,0.9258960284145947
198,ARID5B,4.519119,0.39508295,6.209752978588539e-06,8.956374488348856e-05,0.19000672193591756,0.14990313206328706
187,RGS19,4.842295,0.39392906,1.2834784294402063e-06,1.9645078001635813e-05,0.20076181940398835,0.1578543752018082
211,CASP1,4.14613,0.3931981,3.3814184012483926e-05,0.0004590160725676551,0.175442527447905,0.13908621246367453
177,IQGAP1,5.2677474,0.38720888,1.3810789185415965e-07,2.2517591063178206e-06,0.22451265964597805,0.17797465288989345
207,MTPN,4.2062535,0.3853524,2.5963922486110607e-05,0.0003589482371351697,0.17589065650907462,0.138420245398773
148,ABHD17A,6.395157,0.38419333,1.6038238306395663e-10,3.1243321376095445e-09,0.28613040555680036,0.23131256054246044
162,ATP6V0B,5.906712,0.38101754,3.490028618343241e-09,6.195317073982084e-08,0.2531929195608335,0.20069825637713917
203,GSTO1,4.328013,0.3809701,1.5046076719567239e-05,0.00021191657351503156,0.18238852789603405,0.14366725863739102
8,TMSB4X,32.52309,0.37862617,5.029424212791875e-232,1.5088272638375625e-229,1.0,0.9999394575395544
141,EZR,6.581992,0.37715834,4.64186502889961e-11,9.473193936529815e-10,0.30427963253416984,0.24818372618663223
192,ITGA4,4.737487,0.37658992,2.1638500170818844e-06,3.229626891166991e-05,0.2182388527896034,0.17742977074588312
181,C19orf10,5.19257,0.3727257,2.0741071243234228e-07,3.2922335306720998e-06,0.22540891776831729,0.1790644171779141
220,GLIPR1,3.9527879,0.37096122,7.724591758464223e-05,0.001007555446756203,0.17745910822316827,0.14281966419115272
242,CAPNS1,3.5846155,0.37010315,0.0003375752151664446,0.004002868164028988,0.15774142953170514,0.12594849854698095
158,FKBP1A,6.0794816,0.36893943,1.2057166899336791e-09,2.19221216351578e-08,0.28411382478153707,0.23185744268647077
208,IFI6,4.2008457,0.36768475,2.6591997655614893e-05,0.00036594492186625997,0.19605646426170736,0.15934775589279948
121,MATK,7.1164227,0.36728907,1.1076423254247795e-12,2.6164779340742823e-11,0.3295989244902532,0.2672747820471424
170,HERPUD1,5.6580505,0.36487412,1.5310203988300892e-08,2.594949828525575e-07,0.26462021062065877,0.2160356796900226
90,HMGB2,8.780744,0.3594488,1.623980477039569e-18,5.182916416083731e-17,0.44835312570020164,0.3774620600581208
248,MAP3K8,3.4053853,0.35782963,0.0006607077273322324,0.0076529852586745065,0.1492269773694824,0.11860268001291573
145,RAC1,6.466494,0.3545223,1.0030263253670758e-10,1.9927675338418725e-09,0.31727537530808875,0.26277445915402003
246,TKT,3.4397862,0.35191223,0.0005821738435685324,0.006795803621422557,0.15796549406228994,0.12740151759767518
82,CRIP1,9.36027,0.35127148,7.953353592459789e-21,2.7744256717882983e-19,0.5021286130405557,0.4312439457539554
194,PGLS,4.655581,0.3478503,3.230681681665659e-06,4.774406426106885e-05,0.21510194936141608,0.17365595737810785
118,CSTB,7.364193,0.3470188,1.7822202360611202e-13,4.346878624539317e-12,0.37329150795429084,0.313145786244753
76,PPIB,10.122819,0.34450027,4.376251755356395e-24,1.6410944082586479e-22,0.5364104862200314,0.461373910235712
41,OAZ1,16.172812,0.34243268,7.843563875073071e-59,5.472253866330049e-57,0.8740757338113376,0.8148409751372295
172,VAMP5,5.531911,0.33567172,3.16761201246874e-08,5.308846948271632e-07,0.2762715662110688,0.22804326767839844
243,MANF,3.507512,0.33482426,0.00045231759661127166,0.005342333818243366,0.1700649787138696,0.13898530836293188
96,TAGLN2,8.497832,0.33442202,1.931636280439853e-17,5.73753350625699e-16,0.4665023526775711,0.39865192121407816
241,SAMHD1,3.58545,0.33374673,0.00033649767417803463,0.004002868164028988,0.1803719471207708,0.14887391023571198
144,TUBA1B,6.491995,0.32859406,8.470703811091455e-11,1.694140762218291e-09,0.35088505489581,0.29968517920568294
100,GNLY,8.210874,0.32402807,2.1958491512317303e-16,6.273854717804943e-15,0.6892224960788708,0.6465329350984824
40,S100A6,16.178028,0.32216284,7.206481060922076e-59,5.147486472087198e-57,0.9260587049070133,0.8911446561188247
60,S100A10,12.157716,0.32181653,5.219773274966952e-34,2.446768722640759e-32,0.7351557248487565,0.6639893445269616
75,ANXA1,10.146375,0.32175395,3.439004635263864e-24,1.3059511273153913e-22,0.6226753304951826,0.5593719728769777
245,GBP2,3.4602838,0.32042557,0.0005396066052645941,0.006323514905444462,0.17521846291732018,0.14453503390377784
143,H2AFZ,6.5113115,0.31832382,7.449755507564415e-11,1.499950773335117e-09,0.35715886175218464,0.3036608007749435
128,CD247,6.815197,0.3179392,9.41346514551837e-12,2.1074921967578437e-10,0.3932332511763388,0.3407329673877946
130,S100A11,6.782866,0.31735086,1.1781509379990583e-11,2.598862363233217e-10,0.38225408917768317,0.3280997739748143
106,SAT1,7.9750657,0.30921966,1.522997852320795e-15,4.1162104116778246e-14,0.47994622451265967,0.4181264126574104
116,TSPO,7.451154,0.30903706,9.252704200640073e-14,2.294058892720679e-12,0.4203450593771006,0.36139812721989023
129,HSP90B1,6.795921,0.30596998,1.0762285114426701e-11,2.391618914317045e-10,0.38404660542236163,0.32729254116887313
185,RUNX3,4.9357114,0.304072,7.985908734825909e-07,1.2349343404369963e-05,0.2682052431100157,0.2248748789150791
238,REL,3.6886864,0.29962692,0.00022541493061466387,0.002726793515499966,0.1915751736500112,0.15888359702938326
44,S100A4,15.116634,0.29753497,1.2581035266541703e-51,8.030448042473427e-50,0.963701546045261,0.9467226348078785
114,SEC61B,7.4971538,0.28489032,6.521854584089174e-14,1.6441650211989512e-12,0.46134886847412054,0.3990151759767517
237,SEC11C,3.696925,0.2804708,0.00021822679374740504,0.002650527859280223,0.2159982074837553,0.18376654827252178
229,C4orf48,3.7930539,0.27934408,0.0001488058740884335,0.00186785616010586,0.21129285234147435,0.17734904746528898
222,UQCR11-1,3.904853,0.27187848,9.428259233440252e-05,0.0012191714526000326,0.23840466054223616,0.20420971908298352
193,C10orf54,4.7025275,0.2703179,2.569605736257121e-06,3.8162461429561205e-05,0.27268653372171187,0.23046496609622216
36,MT-CO1,17.691133,0.2685545,4.907809016854023e-70,3.874586065937387e-68,1.0,0.9973563125605425
81,CD37,9.587521,0.26404205,9.022670782554142e-22,3.184472040901462e-20,0.6583015908581672,0.592912495963836
234,GPX1,3.7408516,0.26312467,0.00018339783616615332,0.002254891428272377,0.22294420793188438,0.18969970939618985
86,SSR4,9.054834,0.2576786,1.3677464051904864e-19,4.559154683968288e-18,0.6412726865337217,0.576263319341298
101,NEAT1,8.193385,0.25203553,2.539790978233928e-16,7.188087674246966e-15,0.6497871386959444,0.5963230545689376
206,S100A9,4.216843,0.24435669,2.4774601161997966e-05,0.0003440916828055273,0.3004705355142281,0.2657612205360026
164,AC092580.4,5.786192,0.24168418,7.199992889076128e-09,1.2631566472063382e-07,0.4196728657853462,0.3720536002583145
105,ID2,7.981632,0.23941414,1.444109385078381e-15,3.9384801411228575e-14,0.6112480394353574,0.549765902486277
197,CAST,4.5662284,0.23439802,4.9657718353073675e-06,7.231706556272865e-05,0.3195160206139368,0.28019050694220216
247,S100A8,3.428649,0.23435675,0.0006065935138577725,0.0070534129518345645,0.23750840241989693,0.20737810784630287
215,AHNAK,4.10605,0.23110624,4.02482049682538e-05,0.0005366427329100507,0.3067443423706027,0.27256215692605745
226,XIST,3.83723,0.22718203,0.00012442994182649395,0.0015817365486418722,0.2946448577190231,0.2626735550532774
178,IRF1,5.265137,0.22399855,1.4008479039893998e-07,2.27164524971254e-06,0.4169840914183285,0.3761503067484663
196,SYNE2,4.5741463,0.22295462,4.781661844211378e-06,6.997553918358114e-05,0.3607438942415416,0.323982886664514
183,ISG20,4.967031,0.20862208,6.798573306816259e-07,1.0622770791900405e-05,0.4172081559489133,0.37790603810138845
174,CD7,5.3883142,0.190889,7.11216191559148e-08,1.1788113672251071e-06,0.5050414519381582,0.46159589925734584
232,SNX3,3.772786,0.18959196,0.00016143480606802546,0.0020012579264631256,0.32332511763387856,0.2911688731030029
171,KLF6,5.5629582,0.18778439,2.6523967550729353e-08,4.4703316096734866e-07,0.5615057136455299,0.5218558282208589
167,IER2,5.7577043,0.18144523,8.526549122137057e-09,1.470094676230527e-07,0.5675554559713197,0.5273651921214079
168,VIM,5.748058,0.16104636,9.027425121090358e-09,1.5475585921869184e-07,0.6453058480842483,0.6021754924120116
83,FTL,9.31164,0.15679063,1.2587372606111402e-20,4.340473312452208e-19,0.973112256329823,0.9622013238618018
107,FTH1,7.958722,0.13819022,1.7382507280562839e-15,4.656028735865046e-14,0.9652699977593547,0.9477518566354537
190,EEF1A1,4.7601676,0.082125634,1.9343221428323483e-06,2.916063531908063e-05,0.9968630965718127,0.9962060058120762
209,TPT1,4.1858783,0.06879248,2.840657566390845e-05,0.000389131173478198,0.981178579430876,0.9751977720374556
302,GZMK,-5.026614,-0.16301681,4.992157443965247e-07,7.841084990521331e-06,0.38628725072820974,0.4407894736842105
305,JUNB,-7.194635,-0.20563617,6.262808450647861e-13,1.4911448692018718e-11,0.7972215998207484,0.8071319018404908
301,NFKBIA,-4.558188,-0.23081692,5.1596867523259325e-06,7.477806887428888e-05,0.36298453954738963,0.39695673232160156
306,ZFP36L2,-8.567972,-0.25182423,1.0532300856892053e-17,3.191606320270319e-16,0.7015460452610351,0.7293348401679044
304,FOS,-6.276542,-0.2552794,3.461853038205164e-10,6.573138680136387e-09,0.5762939726641273,0.6036688731030029
303,NOSIP,-5.23935,-0.36992615,1.611434788537362e-07,2.5714384923468544e-06,0.24602285458211964,0.28662818856958344
300,NSG1,-3.6453407,-0.7496595,0.0002670379182400467,0.0032044550188805605,0.05153484203450594,0.08433564740071037
308,LTB,-15.392755,-0.77793974,1.8307102406786174e-53,1.1939414613121419e-51,0.39188886399282996,0.48896109137875365
307,KLRB1,-13.499307,-0.8057015,1.5785504421332802e-41,8.456520225714e-40,0.29755769661662557,0.40075072650952537
